question_text,option_a,option_b,option_c,option_d,correct_option,explanation
"يبدأ الدرس الأول في المدرسة الساعة 7:30 صباحًا، ويستمر لمدة 40 دقيقة. في أي ساعة ينتهي الدرس؟","7:50","8:00","8:10","8:20",C,"7:30 + 40 دقيقة: أولًا نضيف 30 دقيقة فنصل إلى 8:00، ثم نضيف الـ10 دقائق المتبقية فنصل إلى 8:10."
"اشترت سارة دفترًا ثمنه 12 ريالًا، ودفعت للبائع ورقتين من فئة 10 ريالات. كم ريالًا سيعيد البائع إليها؟","6 ريالات","7 ريالات","8 ريالات","9 ريالات",C,"دفعت سارة 10+10=20 ريالًا، وثمن الدفتر 12 ريالًا، فالباقي = 20-12 = 8 ريالات."
"لدى منى ونورة أربع حقائب، كُتب على كل واحدة عدد مكوّن من أربعة أرقام: 3462، 6234، 4326، 2643. اختارت منى الحقيبة ذات العدد الأكبر، واختارت نورة الحقيبة ذات العدد الأصغر. فما هما الحقيبتان اللتان اختارتاهما؟","6234 و 2643","4326 و 3462","3462 و 2643","6234 و 4326",A,"بمقارنة الأعداد الأربعة نجد أن أكبرها هو 6234 وأصغرها هو 2643، فاختارت منى 6234 واختارت نورة 2643."
"في الشكل أدناه ثلاث مجموعات: كل مجموعة تتكون من عددين علويين وعدد سفلي يساوي ناتج جمعهما. المجموعة الأولى: 8 و5 وناتج جمعهما 13. المجموعة الثانية: 9 و6 وناتج جمعهما 15. المجموعة الثالثة: 7 وعدد مجهول، وناتج جمعهما 12. ما العدد المجهول الذي يحل محل علامة الاستفهام؟","4","5","6","7",B,"بما أن ناتج الجمع في المجموعة الثالثة يجب أن يساوي 12، فإن العدد المجهول = 12 - 7 = 5."
"يوضح الشكل صفًّا من 8 نجوم متجاورة، منها 5 نجوم ملوّنة باللون الأزرق والباقي بلا لون. أي الأوصاف التالية لخط الأعداد (من 0 إلى 1) يمثل بدقة كسر عدد النجوم الملوّنة من إجمالي عدد النجوم؟","نقطة تقع عند 3/8 من المسافة بين 0 و1","نقطة تقع عند 5/8 من المسافة بين 0 و1","نقطة تقع عند 8/8 من المسافة بين 0 و1","نقطة تقع عند 1/8 من المسافة بين 0 و1",B,"عدد النجوم الملوّنة 5 من أصل 8 نجوم، أي الكسر 5/8، لذلك تقع النقطة عند 5/8 من المسافة بين 0 و1."
"يتكرر نمط الأشكال التالي بثلاث مجموعات: المجموعة الأولى (مربع صغير، دائرة صغيرة، دائرة كبيرة، دائرة صغيرة، مربع صغير)، والمجموعة الثانية (مثلث صغير، مربع صغير، مربع كبير، مربع صغير، مثلث صغير)، والمجموعة الثالثة (نجمة صغيرة، مثلث صغير، [فراغ]، مثلث صغير، نجمة صغيرة). ما الشكل الذي يحل محل الفراغ ليكتمل النمط؟","نجمة كبيرة","مثلث كبير","مربع كبير","دائرة كبيرة",B,"في كل مجموعة يكون الشكل الأوسط هو نفس الشكل المحيط به لكن بحجم أكبر، وبما أن الشكل المحيط في المجموعة الثالثة هو المثلث، فإن الشكل الأوسط يجب أن يكون مثلثًا كبيرًا."
"رسم أحمد شكلًا هندسيًا له قاعدة دائرية واحدة، وسطح جانبي منحنٍ، ورأس واحد فقط، وليس له أي حرف مستقيم. أي شكل مما يلي رسمه أحمد؟","الهرم","المخروط","المكعب","الأسطوانة",B,"المخروط له قاعدة دائرية واحدة، وسطح جانبي منحنٍ يلتقي عند رأس واحد، وهذا يطابق وصف الشكل الذي رسمه أحمد."
"كان لدى عمر 18 قلمًا، احتفظ بثلاثة أقلام لنفسه، ثم وزّع الباقي بالتساوي على 5 من أصدقائه. كم قلمًا أخذ كل صديق؟","2","3","4","5",B,"الأقلام المتبقية = 18 - 3 = 15 قلمًا، وبتوزيعها بالتساوي على 5 أصدقاء: 15 ÷ 5 = 3 أقلام لكل صديق."
"في الشكل أدناه مستطيلان مرسومان على شبكة مربعات: المستطيل (1) طوله 6 وحدات وعرضه 2 وحدة، والمستطيل (2) طوله 4 وحدات وعرضه 3 وحدات. أي العبارات التالية صحيحة بخصوص المستطيلين؟","لهما المحيط نفسه","لهما المساحة نفسها","مساحة المستطيل (1) أكبر من مساحة المستطيل (2)","مساحة المستطيل (2) أكبر من مساحة المستطيل (1)",B,"مساحة المستطيل (1) = 6×2 = 12 وحدة مربعة، ومساحة المستطيل (2) = 4×3 = 12 وحدة مربعة، فالمساحتان متساويتان."
"إذا كانت مدة حصة العلوم 45 دقيقة، وبدأت الحصة في الساعة 10:15، فإن الحصة تنتهي عند الساعة:","10:45","11:00","10:60","11:15",B,"10:15 + 45 دقيقة = 11:00، لأن إضافة 45 دقيقة إلى 15 دقيقة تعطي 60 دقيقة، أي ساعة كاملة إضافية."
"يوضح جدول أدناه عدد الكتب التي باعها متجر خلال ثلاثة أيام باستخدام رمز يمثل كل رمز فيه 10 كتب: يوم الاثنين 4 رموز، يوم الثلاثاء 3 رموز، يوم الأربعاء 5 رموز. كم كتابًا باع المتجر يوم الأربعاء؟","40 كتابًا","50 كتابًا","60 كتابًا","30 كتابًا",B,"كل رمز يمثل 10 كتب، ويوم الأربعاء يوجد 5 رموز، إذن عدد الكتب = 5 × 10 = 50 كتابًا."
"يوضح الرسم البياني أدناه أعداد أنواع من الفاكهة في سلة الأسرة على محور رأسي يبدأ من 10 وينتهي عند 70: التفاح 40، الموز 55، البرتقال 25، العنب 60. أي أنواع الفاكهة عدده أقل من غيره؟","التفاح","الموز","البرتقال","العنب",C,"بمقارنة الأعمدة في الرسم البياني، نجد أن عمود البرتقال هو الأقصر (25)، أي أن عدد حبات البرتقال هو الأقل بين جميع الأنواع."
"جمعت ريم وهند طوابع بريدية: عند ريم 145 طابعًا، وعند هند 128 طابعًا. ما الفرق بين عدد طوابع ريم وعدد طوابع هند؟","15","17","19","23",B,"الفرق = 145 - 128 = 17 طابعًا."
"في صف مدرسي 6 طاولات: 4 طاولات على كل منها 3 كتب، وطاولتان على كل منها كتابان. أي العبارات العددية التالية تمثل العدد الكلي للكتب على الطاولات؟","6 × 3","(4 × 3) + (2 × 2)","(4 × 2) + (2 × 3)","(4 + 2) × (3 + 2)",B,"عدد كتب الطاولات الأربع = 4×3 = 12 كتابًا، وعدد كتب الطاولتين = 2×2 = 4 كتب، والمجموع = 12+4 = 16 كتابًا، وهذا ما تمثله العبارة (4×3)+(2×2)."
"رسم فارس شكل شراع مثلث على شبكة مربعات، طول قاعدته 6 وحدات وارتفاعه 4 وحدات. ما مساحة الشراع بالوحدات المربعة؟","10","12","24","20",B,"مساحة المثلث = (القاعدة × الارتفاع) ÷ 2 = (6 × 4) ÷ 2 = 24 ÷ 2 = 12 وحدة مربعة."
"ما العدد المفقود الذي يكمل الجملة العددية التالية: 263 + ___ = 485؟","222","232","212","242",A,"العدد المفقود = 485 - 263 = 222."
"بدأ سعيد ممارسة الرياضة في الساعة 4:20 عصرًا، وانتهى في الساعة 5:05 عصرًا. كم استغرقت ممارسته الرياضة؟","35 دقيقة","40 دقيقة","45 دقيقة","50 دقيقة",C,"من 4:20 إلى 5:00 تمر 40 دقيقة، ثم من 5:00 إلى 5:05 تمر 5 دقائق، والمجموع = 40+5 = 45 دقيقة."
"اشترى أبو خالد من المكتبة: قلمًا بـ3 ريالات، ومسطرة بـ2 ريال، ودفترًا بـ7 ريالات. كم ريالًا دفع أبو خالد بالإجمال؟","10 ريالات","11 ريالًا","12 ريالًا","13 ريالًا",C,"مجموع الأسعار = 3 + 2 + 7 = 12 ريالًا."
"على خط أعداد يمتد من 0 إلى 20، وُضعت نقطة عند العدد الذي يقع في منتصف المسافة بين 8 و16 تمامًا. ما هذا العدد؟","10","11","12","14",C,"منتصف المسافة بين عددين يُحسب بجمعهما وقسمة الناتج على 2: (8+16) ÷ 2 = 12."
"أي العلامات التالية تجعل المقارنة بين العددين 428 و482 صحيحة: 428 ___ 482؟","العدد 428 أصغر من 482 (<)","العدد 428 أكبر من 482 (>)","العددان متساويان (=)","لا يمكن المقارنة بينهما",A,"عند مقارنة العددين نبدأ من رقم المئات فنجد أنه متساوٍ (4)، ثم ننتقل لرقم العشرات: 2 في العدد الأول أصغر من 8 في العدد الثاني، لذلك 428 أصغر من 482."
"أي الأعداد التالية عدد فردي؟","24","37","50","68",B,"العدد الفردي لا يقبل القسمة على 2 دون باقٍ. العدد 37 ينتهي بالرقم 7 (فردي)، بينما بقية الأعداد تنتهي بأرقام زوجية (4، 0، 8)."
"ما ناتج تقريب العدد 367 إلى أقرب عشرة؟","360","370","300","400",B,"رقم الآحاد في العدد 367 هو 7، وهو أكبر من أو يساوي 5، لذلك نقرّب العدد لأعلى فيصبح 370."
"زرعت مزرعة أشجار نخيل في 6 صفوف، وفي كل صف 8 أشجار. كم شجرة نخيل زُرعت بالإجمال؟","42","48","54","56",B,"عدد الأشجار الكلي = عدد الصفوف × عدد الأشجار في كل صف = 6 × 8 = 48 شجرة."
"لدى المعلمة 42 قلم تلوين، تريد توزيعها بالتساوي على 7 طالبات. كم قلمًا ستأخذ كل طالبة؟","5","6","7","8",B,"عدد الأقلام لكل طالبة = 42 ÷ 7 = 6 أقلام."
"مستطيل طوله 9 سم وعرضه 5 سم، ما محيط هذا المستطيل؟","14 سم","24 سم","28 سم","45 سم",C,"محيط المستطيل = 2 × (الطول + العرض) = 2 × (9 + 5) = 2 × 14 = 28 سم."
"بُني مجسّم من مكعبات متساوية الحجم على شكل طبقتين، كل طبقة منهما تتكون من صف واحد طوله 4 مكعبات. كم مكعبًا استُخدم لبناء هذا المجسّم بالكامل؟","4","6","8","10",C,"كل طبقة تتكون من 4 مكعبات، وعدد الطبقات 2، فيكون العدد الكلي للمكعبات = 4 + 4 = 8 مكعبات."
"لاحظ التسلسل العددي التالي: 5، 10، 15، ___، 25. ما العدد المفقود؟","18","19","20","22",C,"يزيد هذا التسلسل بمقدار 5 في كل مرة (عد تصاعدي بالخمسات)، فالعدد الذي يسبق 25 مباشرة هو 20."
"قسّمت هدى دائرة إلى 4 أجزاء متساوية، ولوّنت 3 أجزاء منها باللون الأحمر. أي كسر يمثل الجزء الملوّن من الدائرة؟","1/4","2/4","3/4","4/4",C,"عدد الأجزاء الملوّنة 3 من أصل 4 أجزاء متساوية، لذلك الكسر الذي يمثل الجزء الملوّن هو 3/4."
"يوضح الجدول التالي عدد الكتب التي قرأها 3 طلاب خلال شهر: أحمد قرأ 6 كتب، سلمان قرأ 9 كتب، فيصل قرأ 5 كتب. كم كتابًا قرأ الطلاب الثلاثة معًا؟","18","19","20","21",C,"مجموع الكتب التي قرأها الطلاب الثلاثة = 6 + 9 + 5 = 20 كتابًا."
"طول ممر المدرسة 4 أمتار. كم يعادل ذلك بالسنتيمتر، علمًا بأن كل متر واحد = 100 سنتيمتر؟","40 سم","140 سم","400 سم","4000 سم",C,"4 أمتار × 100 سنتيمتر لكل متر = 400 سنتيمتر."